<?xml version="1.0" encoding="UTF-8"?><?xml-stylesheet type='text/xsl' href='_UpgradeReport_Files/UpgradeReport.xslt'?><UpgradeLog>
<Properties><Property Name="Solution" Value="cswavrec">
</Property><Property Name="Solution File" Value="E:\Information Library\@My Projects\My C Sharp Writing\My Training\My Examples\@Under Study\Voice Research\Voice Chat\cswavrec_src\cswavrec.sln">
</Property><Property Name="Date" Value="27 November, 2005">
</Property><Property Name="Time" Value="02:10 AM">
</Property></Properties><Event ErrorLevel="0" Project="" Source="cswavrec.sln" Description="File successfully backed up as E:\Information Library\@My Projects\My C Sharp Writing\My Training\My Examples\@Under Study\Voice Research\Voice Chat\cswavrec_src\Backup\cswavrec.sln">
</Event><Event ErrorLevel="0" Project="cswavrec" Source="cswavrec.csproj" Description="Project file successfully backed up as E:\Information Library\@My Projects\My C Sharp Writing\My Training\My Examples\@Under Study\Voice Research\Voice Chat\cswavrec_src\Backup\cswavrec.csproj">
</Event><Event ErrorLevel="0" Project="cswavrec" Source="cswavrec.csproj.user" Description="Project user file successfully backed up as E:\Information Library\@My Projects\My C Sharp Writing\My Training\My Examples\@Under Study\Voice Research\Voice Chat\cswavrec_src\Backup\cswavrec.csproj.user">
</Event><Event ErrorLevel="0" Project="cswavrec" Source="AssemblyInfo.cs" Description="File successfully backed up as E:\Information Library\@My Projects\My C Sharp Writing\My Training\My Examples\@Under Study\Voice Research\Voice Chat\cswavrec_src\Backup\AssemblyInfo.cs">
</Event><Event ErrorLevel="0" Project="cswavrec" Source="FifoStream.cs" Description="File successfully backed up as E:\Information Library\@My Projects\My C Sharp Writing\My Training\My Examples\@Under Study\Voice Research\Voice Chat\cswavrec_src\Backup\FifoStream.cs">
</Event><Event ErrorLevel="0" Project="cswavrec" Source="MainForm.cs" Description="File successfully backed up as E:\Information Library\@My Projects\My C Sharp Writing\My Training\My Examples\@Under Study\Voice Research\Voice Chat\cswavrec_src\Backup\MainForm.cs">
</Event><Event ErrorLevel="0" Project="cswavrec" Source="WaveIn.cs" Description="File successfully backed up as E:\Information Library\@My Projects\My C Sharp Writing\My Training\My Examples\@Under Study\Voice Research\Voice Chat\cswavrec_src\Backup\WaveIn.cs">
</Event><Event ErrorLevel="0" Project="cswavrec" Source="WaveNative.cs" Description="File successfully backed up as E:\Information Library\@My Projects\My C Sharp Writing\My Training\My Examples\@Under Study\Voice Research\Voice Chat\cswavrec_src\Backup\WaveNative.cs">
</Event><Event ErrorLevel="0" Project="cswavrec" Source="WaveOut.cs" Description="File successfully backed up as E:\Information Library\@My Projects\My C Sharp Writing\My Training\My Examples\@Under Study\Voice Research\Voice Chat\cswavrec_src\Backup\WaveOut.cs">
</Event><Event ErrorLevel="0" Project="cswavrec" Source="WaveStream.cs" Description="File successfully backed up as E:\Information Library\@My Projects\My C Sharp Writing\My Training\My Examples\@Under Study\Voice Research\Voice Chat\cswavrec_src\Backup\WaveStream.cs">
</Event><Event ErrorLevel="0" Project="cswavrec" Source="App.ico" Description="File successfully backed up as E:\Information Library\@My Projects\My C Sharp Writing\My Training\My Examples\@Under Study\Voice Research\Voice Chat\cswavrec_src\Backup\App.ico">
</Event><Event ErrorLevel="0" Project="cswavrec" Source="MainForm.resx" Description="File successfully backed up as E:\Information Library\@My Projects\My C Sharp Writing\My Training\My Examples\@Under Study\Voice Research\Voice Chat\cswavrec_src\Backup\MainForm.resx">
</Event><Event ErrorLevel="0" Project="cswavrec" Source="cswavrec.csproj" Description="Project converted successfully">
</Event><Event ErrorLevel="3" Project="cswavrec" Source="cswavrec.csproj" Description="Converted">
</Event><Event ErrorLevel="0" Project="" Source="cswavrec.sln" Description="Solution converted successfully">
</Event><Event ErrorLevel="3" Project="" Source="cswavrec.sln" Description="Converted">
</Event><Event ErrorLevel="0" Project="cswavrec" Source="cswavrec.csproj" Description="Scan complete: Upgrade not required for project files.">
</Event></UpgradeLog>